timestamp,frame_id,class_id,class_name,confidence,x1,y1,x2,y2,inference_ms,end_to_end_fps
1788286854.1165752,1,3,laptop,0.89340,0.00,0.00,638.16,477.07,28.236,0.000
1788286854.409976,2,3,laptop,0.82628,0.00,0.00,638.44,476.33,34.381,0.311
1788286854.4803445,3,3,laptop,0.66132,0.00,0.00,640.00,479.41,38.154,0.610
1788286854.4808466,3,2,mouse,0.57824,512.92,0.00,640.00,167.92,38.154,0.610
1788286854.4813085,3,2,mouse,0.45489,0.00,0.00,639.02,480.00,38.154,0.610
1788286854.5721967,4,3,laptop,0.59266,0.00,0.00,640.00,476.87,55.260,0.894
1788286854.6565747,5,2,mouse,0.48899,493.54,0.00,640.00,236.67,48.396,1.162
1788286854.6571486,5,2,mouse,0.47797,0.00,0.00,637.69,476.21,48.396,1.162
1788286854.657631,5,3,laptop,0.43419,0.00,0.00,640.00,477.02,48.396,1.162
1788286854.7529194,6,2,mouse,0.64753,0.00,0.00,640.00,480.00,58.650,1.416
1788286854.8490827,7,2,mouse,0.46951,0.00,0.00,640.00,476.58,54.665,1.654
1788286854.9170907,8,2,mouse,0.83520,0.00,23.78,640.00,479.76,40.686,1.881
1788286854.9704068,9,2,mouse,0.66088,0.00,0.00,639.21,480.00,32.191,2.113
1788286855.0510545,10,2,mouse,0.95127,0.00,226.99,637.63,480.00,31.778,2.328
1788286855.0514605,10,2,mouse,0.88574,531.36,94.50,640.00,297.11,31.778,2.328
1788286855.0518053,10,2,mouse,0.72790,318.15,68.86,523.01,209.02,31.778,2.328
1788286855.1880147,11,2,mouse,0.65542,460.25,115.01,639.78,353.16,36.522,2.502
1788286855.1884904,11,2,mouse,0.55085,0.00,40.97,638.74,480.00,36.522,2.502
1788286855.3372762,12,2,mouse,0.84963,384.27,199.71,598.03,406.55,48.216,2.661
1788286855.3377724,12,2,mouse,0.48717,185.99,175.90,380.30,321.41,48.216,2.661
1788286855.3382866,12,2,mouse,0.38363,536.92,177.95,640.00,480.00,48.216,2.661
1788286855.4694896,13,2,mouse,0.96214,369.31,225.51,582.08,426.26,48.151,2.813
1788286855.4700267,13,2,mouse,0.85245,169.99,189.07,358.32,334.74,48.151,2.813
1788286855.4704566,13,2,mouse,0.76949,0.00,0.66,170.34,338.16,48.151,2.813
1788286855.601697,14,2,mouse,0.92764,360.79,227.19,583.01,426.09,48.282,2.956
1788286855.60221,14,2,mouse,0.91483,165.79,204.57,354.90,343.93,48.282,2.956
1788286855.6026702,14,2,mouse,0.57875,0.00,12.71,158.77,353.02,48.282,2.956
1788286855.7382722,15,2,mouse,0.96574,356.16,236.03,577.91,441.45,48.222,3.088
1788286855.7387717,15,2,mouse,0.84593,163.98,222.82,350.58,365.85,48.222,3.088
1788286855.7392633,15,2,mouse,0.73158,0.00,15.42,155.65,379.44,48.222,3.088
1788286855.7397358,15,2,mouse,0.45629,547.42,201.28,640.00,480.00,48.222,3.088
1788286855.8688376,16,2,mouse,0.97471,347.08,265.52,563.88,459.85,47.804,3.215
1788286855.8693573,16,2,mouse,0.94668,149.57,237.39,336.29,380.44,47.804,3.215
1788286856.00141,17,2,mouse,0.98143,342.87,257.87,562.25,453.99,48.102,3.335
1788286856.0019453,17,2,mouse,0.95532,140.40,241.15,333.08,384.58,48.102,3.335
1788286856.0023904,17,2,mouse,0.51903,0.00,62.63,142.47,404.30,48.102,3.335
1788286856.1381402,18,2,mouse,0.96886,336.86,260.20,552.68,455.24,48.472,3.446
1788286856.1386473,18,2,mouse,0.94106,140.00,244.49,329.06,388.12,48.472,3.446
1788286856.1391022,18,0,bottle,0.41935,0.49,57.96,133.45,408.21,48.472,3.446
1788286856.2696276,19,2,mouse,0.94980,326.76,255.94,547.85,449.70,48.280,3.553
1788286856.2702067,19,2,mouse,0.94204,126.48,240.15,321.92,381.73,48.280,3.553
1788286856.2706714,19,2,mouse,0.77756,0.11,3.81,121.16,402.79,48.280,3.553
1788286856.4020126,20,2,mouse,0.98938,323.02,247.33,538.92,440.96,48.453,3.656
1788286856.4025264,20,2,mouse,0.93122,119.04,233.88,316.28,373.31,48.453,3.656
1788286856.4029853,20,2,mouse,0.62128,0.25,2.58,117.14,394.40,48.453,3.656
1788286856.537831,21,2,mouse,0.95558,312.37,247.53,528.66,434.55,48.122,3.750
1788286856.538376,21,2,mouse,0.94336,99.67,228.15,306.02,371.28,48.122,3.750
1788286856.538824,21,2,mouse,0.37745,0.00,0.00,108.02,390.74,48.122,3.750
1788286856.669689,22,2,mouse,0.97513,307.96,249.68,525.75,436.63,48.276,3.842
1788286856.6702235,22,2,mouse,0.94566,100.29,231.42,301.91,373.30,48.276,3.842
1788286856.6706748,22,2,mouse,0.39176,0.44,3.26,102.16,395.08,48.276,3.842
1788286856.8021321,23,2,mouse,0.97713,306.80,250.99,521.98,439.65,48.713,3.930
1788286856.8026109,23,2,mouse,0.94947,106.84,234.71,300.54,375.16,48.713,3.930
1788286856.803057,23,2,mouse,0.54663,0.47,6.12,100.92,398.95,48.713,3.930
1788286856.9380817,24,2,mouse,0.97809,307.30,250.20,523.97,437.89,48.492,4.011
1788286856.9385772,24,2,mouse,0.95313,102.71,231.48,301.27,373.55,48.492,4.011
1788286856.939024,24,2,mouse,0.57817,0.43,3.71,100.12,394.37,48.492,4.011
1788286857.070309,25,2,mouse,0.97217,307.24,246.10,524.59,433.74,48.384,4.092
1788286857.0708175,25,2,mouse,0.95106,103.11,226.88,301.23,370.60,48.384,4.092
1788286857.0713558,25,2,mouse,0.62401,0.38,2.71,98.64,390.32,48.384,4.092
1788286857.2017152,26,2,mouse,0.96585,305.92,240.92,522.53,432.62,48.430,4.168
1788286857.2022395,26,2,mouse,0.94613,97.97,221.74,299.40,366.14,48.430,4.168
1788286857.2026782,26,2,mouse,0.65808,0.35,3.55,93.19,386.89,48.430,4.168
1788286857.3378737,27,2,mouse,0.96231,305.13,238.75,520.78,430.28,48.355,4.239
1788286857.3383882,27,2,mouse,0.92719,96.73,220.26,297.52,364.29,48.355,4.239
1788286857.3388355,27,2,mouse,0.66577,0.36,7.48,92.69,385.83,48.355,4.239
1788286857.4696794,28,2,mouse,0.96173,304.80,236.60,520.62,426.77,48.365,4.309
1788286857.47023,28,2,mouse,0.93895,101.31,216.16,297.21,359.69,48.365,4.309
1788286857.4707096,28,2,mouse,0.51846,0.34,2.59,89.79,382.92,48.365,4.309
1788286857.6018941,29,2,mouse,0.97892,305.51,228.19,522.48,422.42,48.445,4.377
1788286857.6023788,29,2,mouse,0.95064,90.23,207.36,297.32,352.62,48.445,4.377
1788286857.60282,29,2,mouse,0.69145,0.28,4.98,88.27,376.01,48.445,4.377
1788286857.7379441,30,2,mouse,0.95335,303.96,239.68,521.51,434.35,48.383,4.439
1788286857.7384515,30,2,mouse,0.94792,81.42,217.87,296.14,364.25,48.383,4.439
1788286857.7389154,30,2,mouse,0.52757,0.35,3.40,86.52,383.48,48.383,4.439
1788286857.8694882,31,2,mouse,0.96937,308.68,238.66,531.41,433.02,48.216,4.501
1788286857.8700056,31,2,mouse,0.95107,94.14,215.74,301.49,365.21,48.216,4.501
1788286857.8704588,31,2,mouse,0.67290,0.37,21.12,91.34,384.32,48.216,4.501
1788286858.0016918,32,2,mouse,0.97058,314.18,236.76,541.89,432.36,48.283,8.386
1788286858.0022316,32,2,mouse,0.94879,108.85,213.81,307.97,362.96,48.283,8.386
1788286858.0026846,32,2,mouse,0.62729,0.39,5.69,98.61,382.26,48.283,8.386
1788286858.137229,33,2,mouse,0.97365,315.76,233.84,543.89,431.21,48.133,8.210
1788286858.1377313,33,2,mouse,0.95777,105.98,211.42,310.61,360.78,48.133,8.210
1788286858.1382315,33,2,mouse,0.60082,0.00,0.96,97.86,381.53,48.133,8.210
1788286858.2689023,34,2,mouse,0.97153,313.87,231.08,543.23,429.16,47.876,8.086
1788286858.2694082,34,2,mouse,0.96277,92.66,209.11,307.52,359.24,47.876,8.086
1788286858.2699187,34,2,mouse,0.62344,0.00,1.61,93.36,380.43,47.876,8.086
1788286858.4013393,35,2,mouse,0.97787,313.38,230.84,544.32,432.39,48.143,7.988
1788286858.401852,35,2,mouse,0.96839,85.94,208.80,306.05,360.83,48.143,7.988
1788286858.4022975,35,2,mouse,0.69209,0.33,6.62,88.67,381.15,48.143,7.988
1788286858.5380101,36,2,mouse,0.97813,309.53,235.63,542.15,441.50,48.367,7.887
1788286858.5384965,36,2,mouse,0.96142,94.93,212.09,301.81,366.23,48.367,7.887
1788286858.5389626,36,2,mouse,0.67844,0.00,1.92,85.70,387.75,48.367,7.887
1788286858.6695426,37,2,mouse,0.98229,306.92,236.28,542.14,442.92,48.133,7.817
1788286858.6700814,37,2,mouse,0.95719,81.94,214.09,300.69,367.30,48.133,7.817
1788286858.6705487,37,2,mouse,0.71555,0.00,3.28,81.93,388.87,48.133,7.817
1788286858.8021078,38,2,mouse,0.98119,312.52,232.98,547.95,443.52,48.029,7.741
1788286858.8026404,38,2,mouse,0.96668,87.22,211.76,304.03,367.77,48.029,7.741
1788286858.8030834,38,2,mouse,0.73712,0.00,0.92,85.84,393.03,48.029,7.741
1788286858.9376137,39,2,mouse,0.98043,312.28,228.28,551.44,439.74,48.122,7.599
1788286858.938176,39,2,mouse,0.96063,93.95,213.31,304.38,368.29,48.122,7.599
1788286858.9386504,39,2,mouse,0.71944,0.00,0.60,85.35,397.41,48.122,7.599
1788286859.0688763,40,2,mouse,0.92239,305.31,127.73,551.16,373.46,47.963,7.499
1788286859.069391,40,2,mouse,0.79038,81.24,155.70,297.87,324.40,47.963,7.499
1788286859.2022753,41,2,mouse,0.96026,338.06,103.27,593.51,350.05,48.289,7.499
1788286859.2027805,41,2,mouse,0.91259,101.05,93.89,328.54,268.75,48.289,7.499
1788286859.203266,41,2,mouse,0.53966,0.00,2.03,119.07,299.94,48.289,7.499
1788286859.3385427,42,2,mouse,0.93831,359.48,61.80,639.15,334.43,48.493,7.500
1788286859.3390522,42,2,mouse,0.91069,118.06,42.82,350.13,238.33,48.493,7.500
1788286859.3395019,42,2,mouse,0.83059,0.27,1.43,117.73,277.74,48.493,7.500
1788286859.3399496,42,2,mouse,0.69290,0.00,353.14,620.23,478.97,48.493,7.500
1788286859.469468,43,2,mouse,0.97381,379.24,30.49,640.00,334.91,48.078,7.500
1788286859.47003,43,2,mouse,0.94971,96.00,41.45,373.38,240.80,48.078,7.500
1788286859.4704807,43,2,mouse,0.82293,0.26,2.53,136.31,288.23,48.078,7.500
1788286859.6012366,44,2,mouse,0.97123,382.88,30.56,640.00,350.75,48.171,7.500
1788286859.6017442,44,2,mouse,0.94589,117.68,52.20,380.30,258.66,48.171,7.500
1788286859.737888,45,2,mouse,0.96695,377.78,41.46,640.00,367.81,48.207,7.500
1788286859.7384026,45,2,mouse,0.94389,97.40,64.99,373.16,271.26,48.207,7.500
1788286859.738854,45,2,mouse,0.46321,0.14,1.13,142.62,327.57,48.207,7.500
1788286859.8700204,46,2,mouse,0.95557,115.67,70.32,374.98,284.16,48.530,7.500
1788286859.8705072,46,2,mouse,0.94537,377.19,37.13,639.96,373.44,48.530,7.500
1788286859.8709762,46,2,mouse,0.64053,0.00,18.56,140.80,341.01,48.530,7.500
1788286860.001559,47,2,mouse,0.95740,377.60,48.08,640.00,392.83,48.083,7.500
1788286860.002106,47,2,mouse,0.93437,104.83,84.14,375.54,300.91,48.083,7.500
1788286860.0026073,47,2,mouse,0.37256,0.06,0.00,141.15,361.87,48.083,7.500
1788286860.1378667,48,2,mouse,0.95719,373.38,63.23,639.97,402.19,48.507,7.500
1788286860.1383767,48,2,mouse,0.94156,92.30,98.92,371.78,320.17,48.507,7.500
1788286860.2700794,49,2,mouse,0.97294,101.61,107.73,383.28,319.87,49.155,7.500
1788286860.2705808,49,2,mouse,0.95565,380.36,61.38,640.00,401.99,49.155,7.500
1788286860.4018793,50,2,mouse,0.97926,113.46,106.79,389.01,318.07,48.298,7.500
1788286860.4023852,50,2,mouse,0.95695,384.58,55.39,639.86,400.16,48.298,7.500
1788286860.4028351,50,2,mouse,0.53971,0.00,99.00,183.46,382.21,48.298,7.500
1788286860.538441,51,2,mouse,0.96839,386.83,46.07,640.00,388.02,48.167,7.499
1788286860.5389457,51,2,mouse,0.95660,116.48,105.14,391.12,315.55,48.167,7.499
1788286860.6694303,52,2,mouse,0.94870,119.92,98.45,395.26,308.49,48.351,7.500
1788286860.6699846,52,2,mouse,0.94216,390.11,36.73,640.00,381.53,48.351,7.500
1788286860.8016,53,2,mouse,0.95157,126.48,95.70,405.77,305.96,48.550,7.500
1788286860.8021374,53,2,mouse,0.88961,402.15,3.86,640.00,381.89,48.550,7.500
1788286860.9373302,54,2,mouse,0.95735,126.43,89.25,407.93,304.16,48.313,7.500
1788286860.9378593,54,2,mouse,0.90168,405.40,8.37,639.42,382.17,48.313,7.500
1788286861.0699096,55,2,mouse,0.96982,104.81,79.96,386.79,303.16,48.468,7.500
1788286861.0704093,55,2,mouse,0.87612,382.09,2.59,639.59,381.83,48.468,7.500
1788286861.2018893,56,2,mouse,0.96553,88.97,77.85,376.21,304.52,48.366,7.500
1788286861.2023854,56,2,mouse,0.92318,371.95,17.51,638.95,380.98,48.366,7.500
1788286861.2028465,56,2,mouse,0.57737,0.07,116.56,150.97,375.49,48.366,7.500
1788286861.3379216,57,2,mouse,0.96308,86.82,77.62,374.82,305.30,48.312,7.500
1788286861.338433,57,2,mouse,0.92517,370.81,14.08,639.13,381.95,48.312,7.500
1788286861.3388846,57,2,mouse,0.53710,0.44,90.73,151.20,373.22,48.312,7.500
1788286861.4698548,58,2,mouse,0.97007,88.40,81.81,374.61,309.16,48.395,7.500
1788286861.4703724,58,2,mouse,0.92061,370.49,24.84,639.04,384.36,48.395,7.500
1788286861.4708261,58,2,mouse,0.59960,0.01,106.72,155.74,379.51,48.395,7.500
1788286861.6020982,59,2,mouse,0.96841,95.60,85.01,381.57,309.22,48.552,7.500
1788286861.6026063,59,2,mouse,0.95190,378.58,29.08,640.00,390.33,48.552,7.500
1788286861.6030712,59,2,mouse,0.37748,0.47,85.24,167.79,375.67,48.552,7.500
1788286861.7380047,60,2,mouse,0.96832,103.80,81.00,390.23,306.11,48.391,7.500
1788286861.7385116,60,2,mouse,0.96207,384.94,30.12,640.00,389.45,48.391,7.500
1788286861.738959,60,2,mouse,0.55467,0.43,93.13,168.22,373.79,48.391,7.500
1788286861.8703518,61,2,mouse,0.98059,104.19,79.64,391.79,307.96,47.784,7.500
1788286861.870867,61,2,mouse,0.94953,388.31,27.95,639.99,389.57,47.784,7.500
1788286861.8713284,61,2,mouse,0.67272,0.42,100.05,180.25,373.56,47.784,7.500
1788286862.001525,62,2,mouse,0.98182,108.76,80.02,391.99,306.63,48.180,7.500
1788286862.0020828,62,2,mouse,0.95322,388.00,28.99,640.00,389.56,48.180,7.500
1788286862.0025308,62,2,mouse,0.76671,0.44,100.14,169.77,372.97,48.180,7.500
1788286862.1379855,63,2,mouse,0.98116,98.30,77.22,389.61,303.90,48.321,7.500
1788286862.138475,63,2,mouse,0.94715,385.35,24.25,640.00,388.35,48.321,7.500
1788286862.1389527,63,2,mouse,0.56857,0.43,93.35,182.95,371.97,48.321,7.500
1788286862.2698298,64,2,mouse,0.97403,93.33,75.31,384.23,306.08,48.437,7.500
1788286862.2703276,64,2,mouse,0.94133,381.72,20.96,640.00,392.84,48.437,7.500
1788286862.2707772,64,2,mouse,0.36755,0.00,61.84,172.92,373.67,48.437,7.500
1788286862.4014122,65,2,mouse,0.84603,360.64,2.24,640.00,391.51,48.172,7.500
1788286862.4019504,65,2,mouse,0.66370,82.55,78.12,352.83,332.46,48.172,7.500
1788286862.5378675,66,2,mouse,0.94528,3.42,96.66,296.22,329.44,48.190,7.499
1788286862.5383728,66,2,mouse,0.89300,294.76,30.99,637.68,398.83,48.190,7.499
1788286862.6694095,67,2,mouse,0.95543,1.38,112.49,265.55,342.14,48.331,7.500
1788286862.6699426,67,2,mouse,0.74237,261.28,11.07,619.09,400.62,48.331,7.500
1788286862.80143,68,2,mouse,0.93630,0.30,117.60,249.44,349.04,48.447,7.500
1788286862.8019514,68,2,mouse,0.87771,244.43,61.03,603.10,398.33,48.447,7.500
1788286862.9378595,69,2,mouse,0.97101,0.00,107.54,244.53,337.07,48.645,7.500
1788286862.9383764,69,2,mouse,0.91533,238.11,51.42,551.26,387.46,48.645,7.500
1788286863.069377,70,2,mouse,0.98029,0.01,108.70,247.17,329.69,48.253,7.500
1788286863.0699224,70,2,mouse,0.94590,240.47,52.43,554.40,382.78,48.253,7.500
1788286863.2015295,71,2,mouse,0.97395,0.06,108.28,249.27,325.01,48.441,7.500
1788286863.2020707,71,2,mouse,0.91523,243.09,43.74,556.08,377.90,48.441,7.500
1788286863.3375404,72,2,mouse,0.98515,0.52,104.96,262.18,321.94,48.341,7.500
1788286863.3381364,72,2,mouse,0.89776,253.97,40.27,605.79,378.38,48.341,7.500
1788286863.469465,73,2,mouse,0.90547,309.88,41.72,637.17,389.55,48.376,7.500
1788286863.469982,73,2,mouse,0.71051,22.05,98.22,300.31,325.22,48.376,7.500
1788286863.6013803,74,2,mouse,0.79946,417.46,48.92,640.00,427.92,48.002,7.499
1788286863.7375262,75,2,mouse,0.90657,183.06,72.84,460.80,320.66,48.325,7.500
1788286863.7381008,75,2,mouse,0.78995,466.76,38.00,640.00,408.95,48.325,7.500
1788286863.8698742,76,2,mouse,0.96535,143.63,74.69,468.69,322.38,48.214,7.500
1788286863.87037,76,2,mouse,0.85379,471.20,52.55,640.00,410.92,48.214,7.500
1788286863.8708434,76,2,mouse,0.57485,0.08,1.18,228.03,381.10,48.214,7.500
1788286864.0020595,77,2,mouse,0.96157,142.41,76.89,464.80,322.96,48.514,7.500
1788286864.0025582,77,2,mouse,0.84470,466.52,54.97,639.90,427.81,48.514,7.500
1788286864.0030217,77,2,mouse,0.64590,0.00,3.45,225.77,381.39,48.514,7.500
1788286864.1382933,78,2,mouse,0.96461,136.09,77.68,457.93,319.84,48.556,7.500
1788286864.138781,78,2,mouse,0.83586,457.21,48.71,640.00,419.63,48.556,7.500
1788286864.1392388,78,2,mouse,0.63376,0.00,1.95,213.38,380.31,48.556,7.500
1788286864.2699902,79,2,mouse,0.96208,131.78,77.40,450.57,317.91,48.517,7.500
1788286864.270482,79,2,mouse,0.84267,450.90,46.48,640.00,417.45,48.517,7.500
1788286864.2709382,79,2,mouse,0.63979,0.00,0.59,219.32,379.54,48.517,7.500
1788286864.401702,80,2,mouse,0.95592,121.63,80.81,437.21,322.23,48.280,7.500
1788286864.4022565,80,2,mouse,0.85011,439.90,51.18,639.31,429.16,48.280,7.500
1788286864.402712,80,2,mouse,0.64161,0.00,6.41,178.38,381.85,48.280,7.500
1788286864.5379288,81,2,mouse,0.96234,120.80,84.43,432.36,320.34,48.304,7.501
1788286864.538456,81,2,mouse,0.90065,432.27,51.06,639.08,426.92,48.304,7.501
1788286864.5389395,81,2,mouse,0.60548,0.00,34.57,204.79,386.23,48.304,7.501
1788286864.6690032,82,2,mouse,0.79936,433.02,40.65,639.19,383.07,48.446,7.500
1788286864.8019674,83,2,mouse,0.83477,156.51,8.81,445.78,278.17,48.542,7.500
1788286864.8024657,83,2,mouse,0.73616,448.16,0.34,640.00,373.31,48.542,7.500
1788286864.8029134,83,2,mouse,0.37921,1.01,414.80,636.78,479.29,48.542,7.500
1788286864.937752,84,2,mouse,0.87871,448.19,36.80,640.00,386.72,48.281,7.499
1788286864.9383197,84,2,mouse,0.84364,153.38,56.39,447.03,293.61,48.281,7.499
1788286865.0689251,85,2,mouse,0.82561,248.84,26.45,489.86,274.94,48.192,7.501
1788286865.0694413,85,2,mouse,0.52334,0.44,1.45,97.85,251.28,48.192,7.501
1788286865.2014003,86,2,mouse,0.82742,517.09,1.40,640.00,315.79,48.091,7.500
1788286865.2019756,86,2,mouse,0.71216,274.90,11.85,518.94,254.11,48.091,7.500
1788286865.3379622,87,2,mouse,0.81001,499.87,1.80,640.00,326.11,48.341,7.500
1788286865.3384976,87,2,mouse,0.77373,235.02,13.56,493.77,249.36,48.341,7.500
1788286865.3389704,87,2,mouse,0.49721,1.35,362.54,640.00,479.31,48.341,7.500
1788286865.4698565,88,2,mouse,0.83929,469.71,0.94,640.00,331.31,48.469,7.500
1788286865.470359,88,2,mouse,0.69708,227.46,18.99,468.49,253.69,48.469,7.500
1788286865.4708157,88,2,mouse,0.61899,3.88,365.25,640.00,479.24,48.469,7.500
1788286865.601811,89,2,mouse,0.91896,447.22,3.25,639.93,323.96,48.014,7.500
1788286865.6023452,89,2,mouse,0.87937,183.01,28.09,448.07,254.98,48.014,7.500
1788286865.6027975,89,2,mouse,0.66032,19.08,363.82,640.00,479.42,48.014,7.500
1788286865.738143,90,2,mouse,0.90269,431.34,0.65,639.98,317.26,48.495,7.500
1788286865.738649,90,2,mouse,0.86352,176.62,33.22,434.05,253.46,48.495,7.500
1788286865.7391214,90,2,mouse,0.68938,17.65,363.30,640.00,479.43,48.495,7.500
1788286865.8699346,91,2,mouse,0.94410,417.40,0.27,640.00,315.23,48.195,7.501
1788286865.8704522,91,2,mouse,0.88897,164.65,38.66,423.20,254.42,48.195,7.501
1788286865.870923,91,2,mouse,0.62173,0.00,362.61,634.01,480.00,48.195,7.501
1788286865.8713822,91,2,mouse,0.41710,1.04,78.60,229.35,308.45,48.195,7.501
1788286866.0021098,92,2,mouse,0.93944,414.23,0.57,640.00,317.51,48.168,7.500
1788286866.0025969,92,2,mouse,0.88191,157.84,35.31,419.40,255.61,48.168,7.500
1788286866.0030253,92,2,mouse,0.67211,0.68,365.21,637.24,480.00,48.168,7.500
1788286866.0034661,92,2,mouse,0.62409,0.24,77.86,225.06,309.24,48.168,7.500
1788286866.1379917,93,2,mouse,0.94162,412.08,0.75,640.00,318.34,48.361,7.500
1788286866.1385167,93,2,mouse,0.91282,157.85,40.14,417.40,256.86,48.361,7.500
1788286866.1390166,93,2,mouse,0.52958,3.59,366.34,640.00,479.46,48.361,7.500
1788286866.2695885,94,2,mouse,0.95809,156.03,49.40,416.23,255.10,48.295,7.500
1788286866.2701113,94,2,mouse,0.95323,411.89,1.00,640.00,319.12,48.295,7.500
1788286866.2705562,94,2,mouse,0.54451,2.97,366.30,640.00,479.44,48.295,7.500
1788286866.402088,95,2,mouse,0.93612,414.03,0.75,640.00,319.95,48.869,7.500
1788286866.4025748,95,2,mouse,0.91777,156.27,35.84,418.66,256.01,48.869,7.500
1788286866.4030247,95,2,mouse,0.47752,40.74,367.09,639.65,479.71,48.869,7.500
1788286866.5382314,96,2,mouse,0.93447,417.30,0.81,640.00,318.49,47.998,7.501
1788286866.5387547,96,2,mouse,0.82877,197.90,42.62,422.95,255.40,47.998,7.501
1788286866.5392208,96,2,mouse,0.54714,0.26,75.35,227.00,307.03,47.998,7.501
1788286866.5396981,96,2,mouse,0.52172,0.32,365.29,640.00,479.42,47.998,7.501
1788286866.6707134,97,2,mouse,0.91856,422.90,0.06,640.00,315.51,47.803,7.499
1788286866.6711893,97,2,mouse,0.81426,165.93,20.76,428.18,250.03,47.803,7.499
1788286866.6716566,97,2,mouse,0.67093,0.34,71.16,227.72,305.07,47.803,7.499
1788286866.6720915,97,2,mouse,0.67018,1.03,361.28,640.00,479.40,47.803,7.499
1788286866.801979,98,2,mouse,0.91935,167.86,21.52,436.97,243.70,48.176,7.500
1788286866.8024716,98,2,mouse,0.88190,432.14,0.00,638.72,312.81,48.176,7.500
1788286866.8029122,98,2,mouse,0.70920,1.01,359.37,640.00,479.40,48.176,7.500
1788286866.80335,98,2,mouse,0.36919,1.96,68.21,234.22,303.52,48.176,7.500
1788286866.9383829,99,2,mouse,0.92975,434.75,0.00,639.98,318.62,48.335,7.500
1788286866.9388816,99,2,mouse,0.81428,167.28,14.24,440.53,242.45,48.335,7.500
1788286866.9393392,99,2,mouse,0.77622,0.00,357.82,639.96,480.00,48.335,7.500
1788286866.9397912,99,2,mouse,0.73831,0.23,60.73,233.77,303.50,48.335,7.500
1788286867.070092,100,2,mouse,0.93572,430.88,0.00,639.96,310.02,48.363,7.500
1788286867.0705905,100,2,mouse,0.86103,0.18,62.28,231.15,303.04,48.363,7.500
1788286867.0710442,100,2,mouse,0.86089,164.27,15.54,436.57,238.20,48.363,7.500
1788286867.0714765,100,2,mouse,0.67178,4.29,357.68,640.00,479.46,48.363,7.500
1788286867.2013516,101,2,mouse,0.92660,424.76,0.00,638.71,304.59,48.007,7.500
1788286867.2018766,101,2,mouse,0.87816,173.04,17.69,431.96,235.43,48.007,7.500
1788286867.2023306,101,2,mouse,0.76154,0.00,354.68,637.97,480.00,48.007,7.500
1788286867.3379278,102,2,mouse,0.94220,156.92,18.78,429.40,234.56,48.407,7.500
1788286867.3384366,102,2,mouse,0.93394,422.16,0.00,638.81,302.61,48.407,7.500
1788286867.3389072,102,2,mouse,0.69433,0.95,353.77,639.81,480.00,48.407,7.500
1788286867.470202,103,2,mouse,0.95115,157.98,8.96,430.78,232.12,48.398,7.500
1788286867.4706995,103,2,mouse,0.94209,423.54,0.00,639.90,302.44,48.398,7.500
1788286867.4711714,103,2,mouse,0.64591,2.29,352.49,640.00,480.00,48.398,7.500
1788286867.471643,103,2,mouse,0.37461,0.00,56.81,225.44,299.24,48.398,7.500
1788286867.6027722,104,2,mouse,0.94960,419.70,0.00,638.77,298.47,48.453,7.500
1788286867.6032836,104,2,mouse,0.87056,174.39,4.99,426.11,227.59,48.453,7.500
1788286867.6037354,104,2,mouse,0.72978,0.00,348.82,639.53,480.00,48.453,7.500
1788286867.6041937,104,2,mouse,0.55585,0.19,9.09,219.15,293.48,48.453,7.500
1788286867.6046283,104,2,mouse,0.36308,0.00,187.77,638.87,480.00,48.453,7.500
1788286867.738296,105,2,mouse,0.91991,156.40,24.23,396.73,239.44,48.531,7.500
1788286867.7388046,105,2,mouse,0.91300,390.09,0.15,640.00,307.88,48.531,7.500
1788286867.7392738,105,2,mouse,0.82231,0.00,359.60,636.76,480.00,48.531,7.500
1788286867.7397404,105,2,mouse,0.36969,0.00,2.26,196.96,306.00,48.531,7.500
1788286867.8646607,106,,,,,,,,48.123,7.500
1788286868.0021658,107,2,mouse,0.94868,131.94,170.77,409.38,410.07,48.554,7.500
1788286868.0026546,107,2,mouse,0.77717,514.25,1.73,640.00,339.87,48.554,7.500
1788286868.0030951,107,2,mouse,0.70432,414.37,134.83,640.00,477.58,48.554,7.500
1788286868.1370337,108,2,mouse,0.82994,535.94,70.33,640.00,396.61,48.412,7.500
1788286868.2692432,109,2,mouse,0.53701,570.15,187.96,640.00,477.33,48.284,7.500
1788286868.2697418,109,2,mouse,0.44287,220.88,315.86,469.09,479.90,48.284,7.500
1788286868.3967123,110,,,,,,,,48.194,7.500
1788286868.5332067,111,,,,,,,,48.473,7.500
1788286868.6696665,112,3,laptop,0.36096,5.35,0.00,478.35,475.52,48.154,7.500
1788286868.7968874,113,,,,,,,,48.439,7.500
1788286868.9372804,114,0,bottle,0.51184,206.95,0.50,492.53,477.86,48.394,7.501
1788286868.9378557,114,0,bottle,0.49406,0.00,0.00,232.19,480.00,48.394,7.501
1788286869.0693827,115,0,bottle,0.56971,0.00,0.00,226.44,476.00,48.066,7.500
1788286869.0699255,115,0,bottle,0.49887,210.36,0.78,487.61,479.39,48.066,7.500
1788286869.2013817,116,0,bottle,0.55203,1.32,0.00,220.82,469.63,48.290,7.500
1788286869.2019317,116,0,bottle,0.44494,419.74,0.00,640.00,480.00,48.290,7.500
1788286869.3375251,117,0,bottle,0.81847,11.28,0.51,232.21,478.44,48.602,7.500
1788286869.338051,117,0,bottle,0.41308,295.79,380.86,377.68,480.00,48.602,7.500
1788286869.4687154,118,0,bottle,0.89057,39.47,3.64,234.25,479.36,48.186,7.500
1788286869.600874,119,0,bottle,0.87829,44.48,32.27,228.91,477.85,48.314,7.500
1788286869.7382934,120,0,bottle,0.85581,44.98,31.85,227.15,476.25,48.323,7.499
1788286869.8688188,121,0,bottle,0.78573,46.83,35.94,233.70,477.02,47.545,7.500
1788286870.0009098,122,0,bottle,0.52616,29.31,24.09,215.86,478.68,48.237,7.500
1788286870.1379056,123,0,bottle,0.87709,29.45,33.64,205.42,464.16,48.576,7.500
1788286870.1384122,123,0,bottle,0.71239,212.29,25.00,399.15,478.44,48.576,7.500
1788286870.2691777,124,0,bottle,0.86230,31.62,31.30,203.13,464.00,48.524,7.500
1788286870.4006712,125,0,bottle,0.83407,35.22,28.55,205.17,463.07,47.924,7.500
1788286870.5381324,126,0,bottle,0.81736,34.32,28.59,205.80,475.15,48.246,7.500
1788286870.668788,127,0,bottle,0.82256,36.85,32.46,205.72,464.40,47.938,7.501
1788286870.8010278,128,0,bottle,0.84947,37.66,28.21,206.87,466.45,48.321,7.500
1788286870.9372628,129,0,bottle,0.84955,35.81,33.12,206.40,466.88,48.565,7.500
1788286871.069037,130,0,bottle,0.87927,36.91,36.64,206.33,476.24,48.430,7.500
1788286871.2009654,131,0,bottle,0.90659,41.00,37.77,210.21,477.16,48.426,7.500
1788286871.3371184,132,0,bottle,0.88631,53.18,47.19,231.43,478.03,48.354,7.500
1788286871.4690518,133,0,bottle,0.81520,60.37,62.37,236.78,464.35,48.481,7.500
1788286871.6051745,134,0,bottle,0.42787,263.38,46.79,431.06,363.78,48.394,7.493
1788286871.737261,135,0,bottle,0.86948,101.59,51.71,269.14,465.04,48.573,7.500
1788286871.869065,136,0,bottle,0.86689,104.49,45.17,275.41,472.50,48.002,7.500
1788286871.8695686,136,0,bottle,0.50191,267.25,5.72,454.84,478.61,48.002,7.500
1788286872.0058842,137,0,bottle,0.87281,104.89,30.89,271.97,454.66,48.465,7.492
1788286872.0063882,137,0,bottle,0.54976,276.90,0.00,456.36,477.80,48.465,7.492
1788286872.1371012,138,0,bottle,0.86496,110.66,25.36,283.15,451.27,48.371,7.500
1788286872.2689512,139,0,bottle,0.89064,116.88,26.40,277.78,445.86,48.029,7.500
1788286872.4051692,140,0,bottle,0.87715,116.71,29.81,277.06,444.87,48.381,7.493
1788286872.5371642,141,0,bottle,0.83575,114.04,32.82,273.29,448.43,48.512,7.500
1788286872.6689715,142,0,bottle,0.85582,111.95,34.90,268.25,450.31,48.337,7.500
1788286872.8051925,143,0,bottle,0.82652,109.59,41.32,268.26,460.20,48.427,7.493
1788286872.9368856,144,0,bottle,0.82398,102.62,49.76,263.91,457.13,48.127,7.500
1788286873.0688174,145,0,bottle,0.89289,96.04,50.40,251.86,458.16,48.313,7.500
1788286873.2052155,146,0,bottle,0.89572,93.17,56.25,247.05,463.34,48.523,7.493
1788286873.3367817,147,0,bottle,0.86724,85.33,58.13,248.17,465.47,48.267,7.500
1788286873.469009,148,0,bottle,0.77113,74.65,58.83,242.25,471.36,48.378,7.500
1788286873.6051614,149,0,bottle,0.88641,60.52,64.68,223.89,467.92,48.420,7.493
1788286873.7370713,150,0,bottle,0.62669,228.12,67.85,381.01,305.57,48.422,7.501
1788286873.868964,151,0,bottle,0.85121,26.74,74.19,202.27,478.02,48.340,7.500
1788286874.0050204,152,0,bottle,0.78989,3.63,68.54,176.15,449.87,48.328,7.493
1788286874.137489,153,0,bottle,0.85733,6.83,72.34,172.50,469.11,48.439,7.500
1788286874.138008,153,0,bottle,0.39097,184.47,73.75,353.14,478.45,48.439,7.500
1788286874.26876,154,0,bottle,0.86809,10.01,67.31,172.68,476.58,48.207,7.500
1788286874.4034355,155,0,bottle,0.84653,11.47,65.69,175.28,474.05,47.720,7.493
1788286874.5369685,156,0,bottle,0.90076,7.06,64.74,171.91,474.09,48.303,7.500
1788286874.6693943,157,0,bottle,0.90235,7.98,62.49,171.24,472.31,48.296,7.500
1788286874.8052611,158,0,bottle,0.91493,9.59,62.70,172.36,474.51,48.233,7.493
1788286874.9369798,159,0,bottle,0.83898,4.69,62.45,172.40,474.00,48.312,7.500
1788286875.0687025,160,0,bottle,0.71419,0.00,0.89,173.63,474.18,48.360,7.500
1788286875.2057674,161,0,bottle,0.63857,0.00,45.89,144.62,470.65,48.082,7.492
1788286875.2063296,161,2,mouse,0.49553,456.77,427.71,640.00,479.73,48.082,7.492
1788286875.3371267,162,0,bottle,0.90355,0.00,6.20,135.85,462.61,48.099,7.500
1788286875.3376684,162,2,mouse,0.48828,457.80,417.25,639.97,480.00,48.099,7.500
1788286875.4695454,163,0,bottle,0.88967,0.00,32.92,125.53,462.21,48.121,7.500
1788286875.470107,163,0,bottle,0.62489,135.71,28.75,304.61,479.58,48.121,7.500
1788286875.4705884,163,2,mouse,0.57230,454.70,416.88,640.00,480.00,48.121,7.500
1788286875.6062078,164,0,bottle,0.89447,0.00,29.91,128.92,466.34,48.289,7.500
1788286875.606712,164,2,mouse,0.61928,457.22,415.61,640.00,480.00,48.289,7.500
1788286875.6071615,164,0,bottle,0.53209,137.03,30.52,307.67,479.04,48.289,7.500
1788286875.7374828,165,0,bottle,0.89612,0.00,30.03,127.84,465.71,48.218,7.500
1788286875.7380207,165,2,mouse,0.52299,456.78,415.91,640.00,480.00,48.218,7.500
1788286875.7384832,165,0,bottle,0.50592,135.71,31.88,306.76,479.22,48.218,7.500
1788286875.8696795,166,0,bottle,0.88684,0.00,39.69,121.93,459.49,48.169,7.500
1788286875.8702302,166,0,bottle,0.65987,129.16,33.66,302.00,478.61,48.169,7.500
1788286875.8706896,166,2,mouse,0.65939,453.85,415.82,640.00,480.00,48.169,7.500
1788286876.0059154,167,0,bottle,0.88089,0.14,36.00,117.93,460.77,48.544,7.500
1788286876.006407,167,2,mouse,0.71956,445.89,415.24,640.00,479.97,48.544,7.500
1788286876.0068555,167,0,bottle,0.49632,126.70,29.14,300.84,479.79,48.544,7.500
1788286876.1374817,168,0,bottle,0.86512,0.00,33.28,116.15,453.76,48.003,7.500
1788286876.1380188,168,2,mouse,0.66563,444.15,415.66,640.00,480.00,48.003,7.500
1788286876.1384761,168,0,bottle,0.42062,124.57,31.61,301.19,478.66,48.003,7.500
1788286876.2695289,169,0,bottle,0.87661,1.25,35.13,115.10,450.41,48.571,7.500
1788286876.2700672,169,2,mouse,0.76611,443.87,415.70,640.00,479.97,48.571,7.500
1788286876.4052773,170,0,bottle,0.88468,0.17,34.48,114.62,464.78,48.406,7.500
1788286876.4058173,170,2,mouse,0.63711,443.17,414.88,640.00,480.00,48.406,7.500
1788286876.5371957,171,0,bottle,0.87949,0.00,34.87,110.08,476.51,48.219,7.500
1788286876.5376983,171,2,mouse,0.76922,436.46,414.30,640.00,480.00,48.219,7.500
1788286876.669479,172,0,bottle,0.77766,0.00,19.20,123.76,472.19,48.803,7.500
1788286876.670016,172,2,mouse,0.57060,423.15,415.61,633.57,480.00,48.803,7.500
1788286876.805858,173,2,mouse,0.61596,52.44,83.96,255.89,276.51,48.552,7.500
1788286876.8063443,173,2,mouse,0.43207,0.00,0.00,639.22,466.85,48.552,7.500
1788286876.8067908,173,2,mouse,0.41635,402.53,406.12,590.12,480.00,48.552,7.500
1788286876.9326482,174,,,,,,,,48.225,7.500
1788286877.0689933,175,2,mouse,0.68023,0.00,0.00,638.68,480.00,48.278,7.500
1788286877.2050805,176,2,mouse,0.73224,147.33,366.66,302.74,479.82,48.462,7.500
1788286877.3375454,177,3,laptop,0.67003,0.62,0.00,638.25,478.25,48.365,7.500
1788286877.468811,178,3,laptop,0.88164,0.00,0.00,640.00,476.37,48.194,7.500
1788286877.6051126,179,3,laptop,0.94483,4.15,0.00,639.59,480.00,48.476,7.500
1788286877.736934,180,3,laptop,0.96731,0.00,0.00,640.00,480.00,48.380,7.500
1788286877.868874,181,3,laptop,0.97824,0.00,0.00,639.17,480.00,48.289,7.500
1788286878.0053291,182,3,laptop,0.97919,0.00,0.00,638.48,480.00,48.601,7.500
1788286878.1366892,183,3,laptop,0.95983,0.00,0.00,640.00,477.54,48.117,7.500
1788286878.2691762,184,3,laptop,0.96683,0.00,0.00,639.97,480.00,48.425,7.500
1788286878.4050648,185,3,laptop,0.97520,0.00,0.00,640.00,480.00,48.323,7.499
1788286878.537065,186,3,laptop,0.97873,0.00,0.00,640.00,480.00,48.488,7.500
1788286878.6690261,187,3,laptop,0.41739,0.89,0.00,634.25,475.35,48.340,7.500
1788286878.8049889,188,3,laptop,0.97741,0.00,0.00,638.26,480.00,48.014,7.500
1788286878.9367957,189,3,laptop,0.98080,0.00,0.00,632.67,480.00,48.117,7.500
1788286879.0687566,190,3,laptop,0.97472,0.00,0.00,625.68,480.00,48.149,7.500
1788286879.2053473,191,3,laptop,0.97063,0.00,0.00,631.20,480.00,48.596,7.500
1788286879.3372736,192,3,laptop,0.98272,0.00,0.00,631.10,479.81,48.548,7.500
1788286879.4689348,193,3,laptop,0.98194,0.00,0.00,636.43,479.05,48.324,7.500
1788286879.605287,194,3,laptop,0.98336,0.00,0.00,636.24,480.00,48.522,7.500
1788286879.7372618,195,3,laptop,0.96037,4.50,0.00,636.03,480.00,48.557,7.500
1788286879.8691325,196,3,laptop,0.93261,5.08,0.00,637.87,479.16,48.526,7.500
1788286880.0050704,197,3,laptop,0.96147,1.50,0.00,637.38,477.93,48.272,7.500
1788286880.1373239,198,3,laptop,0.97943,0.00,0.00,637.93,480.00,48.684,7.500
1788286880.2690473,199,3,laptop,0.96907,0.00,0.00,638.13,480.00,48.364,7.500
1788286880.4051876,200,3,laptop,0.96718,0.00,0.00,637.40,479.95,48.466,7.500
1788286880.537574,201,3,laptop,0.97313,0.00,0.00,637.64,480.00,48.280,7.500
1788286880.668893,202,3,laptop,0.97055,0.00,0.00,638.44,480.00,48.293,7.500
1788286880.8052044,203,3,laptop,0.96699,10.93,0.00,636.52,480.00,48.491,7.500
1788286880.9372227,204,3,laptop,0.97089,0.00,0.00,637.12,480.00,48.545,7.500
1788286881.0691361,205,3,laptop,0.97364,4.62,0.00,635.18,480.00,48.580,7.500
1788286881.2050643,206,3,laptop,0.96774,39.91,0.00,635.35,480.00,48.008,7.500
1788286881.3370583,207,3,laptop,0.97312,5.41,0.00,636.35,480.00,48.438,7.500
1788286881.4690106,208,3,laptop,0.97240,0.00,0.00,636.51,480.00,48.361,7.500
1788286881.605263,209,3,laptop,0.97293,0.00,0.00,636.83,480.00,48.246,7.500
1788286881.7371929,210,3,laptop,0.96432,3.90,0.00,637.51,480.00,48.416,7.500
1788286881.8691528,211,3,laptop,0.95644,3.23,0.00,636.58,480.00,48.512,7.500
1788286882.0052185,212,3,laptop,0.96922,0.34,0.00,635.76,480.00,48.576,7.500
1788286882.1371026,213,3,laptop,0.96172,2.30,0.00,638.24,480.00,48.386,7.500
1788286882.2691462,214,3,laptop,0.97355,0.65,0.00,637.29,480.00,48.473,7.500
1788286882.4054968,215,3,laptop,0.97449,3.40,0.00,636.47,480.00,48.638,7.500
1788286882.537102,216,3,laptop,0.97348,1.14,0.00,637.17,480.00,48.370,7.500
1788286882.669131,217,3,laptop,0.97229,0.00,0.00,638.42,480.00,48.551,7.500
1788286882.8053749,218,3,laptop,0.96044,0.00,0.00,638.85,480.00,48.941,7.500
1788286882.9371989,219,3,laptop,0.94935,0.00,0.00,637.81,478.99,48.541,7.500
1788286883.069073,220,3,laptop,0.95372,2.05,0.00,638.00,480.00,48.194,7.500
1788286883.205468,221,3,laptop,0.42090,145.03,1.78,638.66,447.70,48.665,7.500
1788286883.3369422,222,3,laptop,0.52458,195.28,0.30,627.03,476.66,48.277,7.500
1788286883.4688115,223,3,laptop,0.87963,23.64,0.00,639.35,476.75,48.189,7.500
1788286883.60532,224,3,laptop,0.81809,207.15,0.00,640.00,478.11,48.294,7.500
1788286883.605832,224,2,mouse,0.54536,0.54,319.94,96.74,468.15,48.294,7.500
1788286883.7376904,225,2,mouse,0.80384,0.00,333.80,112.60,460.66,48.585,7.500
1788286883.7382567,225,3,laptop,0.74075,0.00,0.00,640.00,477.79,48.585,7.500
1788286883.8692029,226,2,mouse,0.83309,0.57,296.60,109.35,464.78,48.321,7.500
1788286883.869695,226,3,laptop,0.80395,236.07,0.00,639.68,478.41,48.321,7.500
1788286884.0054607,227,2,mouse,0.82755,0.02,330.44,112.52,479.15,48.366,7.500
1788286884.0059896,227,3,laptop,0.80070,0.02,0.00,640.00,477.25,48.366,7.500
1788286884.1371832,228,3,laptop,0.81795,238.91,0.00,640.00,478.93,48.229,7.500
1788286884.137681,228,2,mouse,0.57231,0.44,347.71,112.45,480.00,48.229,7.500
1788286884.268922,229,3,laptop,0.86839,236.20,0.00,639.03,478.14,48.318,7.500
1788286884.4052558,230,3,laptop,0.84393,143.09,0.00,638.96,480.00,48.382,7.500
1788286884.5371606,231,3,laptop,0.80444,52.20,0.00,639.95,480.00,48.654,7.500
1788286884.6692488,232,3,laptop,0.72346,123.71,0.00,640.00,480.00,48.589,7.500
1788286884.8050606,233,3,laptop,0.65391,213.58,0.00,640.00,480.00,48.467,7.500
1788286884.9369974,234,3,laptop,0.79211,1.55,0.00,640.00,480.00,48.210,7.500
1788286885.0690918,235,3,laptop,0.73603,8.37,0.00,640.00,480.00,48.379,7.500
1788286885.2053018,236,3,laptop,0.66750,56.44,0.00,639.68,480.00,48.209,7.500
1788286885.3370042,237,3,laptop,0.79801,208.11,0.00,640.00,480.00,48.385,7.500
1788286885.4692447,238,3,laptop,0.70774,227.22,0.00,637.97,480.00,48.582,7.500
1788286885.6052063,239,3,laptop,0.82063,238.32,0.00,638.96,480.00,48.382,7.500
1788286885.7375853,240,3,laptop,0.79827,207.10,0.00,637.37,480.00,48.455,7.500
1788286885.8686078,241,3,laptop,0.84262,145.19,0.00,638.46,480.00,47.885,7.500
1788286886.0048802,242,3,laptop,0.86681,41.52,0.00,640.00,480.00,48.343,7.500
1788286886.137501,243,3,laptop,0.82681,193.35,0.00,640.00,480.00,48.616,7.500
1788286886.1380486,243,2,mouse,0.36141,0.00,409.93,122.17,480.00,48.616,7.500
1788286886.268826,244,3,laptop,0.85472,70.11,0.00,640.00,480.00,48.386,7.500
1788286886.4052165,245,3,laptop,0.80712,209.71,0.00,640.00,480.00,48.537,7.500
1788286886.5373805,246,3,laptop,0.85283,234.58,0.00,640.00,480.00,48.584,7.500
1788286886.6691728,247,3,laptop,0.83841,12.83,0.00,640.00,479.23,48.577,7.500
1788286886.8050954,248,3,laptop,0.71057,239.74,0.00,640.00,479.15,48.457,7.500
1788286886.9370394,249,3,laptop,0.87681,230.59,0.00,638.86,478.69,48.385,7.500
1788286887.068868,250,3,laptop,0.49134,275.42,0.00,640.00,476.11,48.221,7.500
1788286887.205967,251,3,laptop,0.67792,104.80,0.00,639.60,477.15,48.182,7.500
1788286887.2064948,251,2,mouse,0.64912,46.56,339.07,175.03,460.37,48.182,7.500
1788286887.2069876,251,2,mouse,0.37274,0.00,387.22,53.22,478.85,48.182,7.500
1788286887.3372383,252,3,laptop,0.84503,252.27,0.00,640.00,477.45,48.171,7.500
1788286887.3377337,252,2,mouse,0.67324,22.95,355.30,149.56,467.00,48.171,7.500
1788286887.4692461,253,3,laptop,0.80958,236.48,0.00,639.52,478.40,48.160,7.500
1788286887.4697337,253,2,mouse,0.75762,0.12,369.32,131.20,479.69,48.160,7.500
1788286887.6054966,254,3,laptop,0.80049,4.32,0.00,639.48,478.01,48.353,7.500
1788286887.6060677,254,2,mouse,0.51498,0.17,378.85,127.12,479.85,48.353,7.500
1788286887.7375813,255,3,laptop,0.80547,2.89,0.00,640.00,477.72,47.885,7.500
1788286887.8694084,256,3,laptop,0.79954,126.12,0.00,640.00,478.69,48.340,7.500
1788286887.8699508,256,2,mouse,0.41623,0.00,389.00,136.35,480.00,48.340,7.500
1788286888.0053084,257,3,laptop,0.76600,143.87,0.00,638.23,478.81,48.403,7.500
1788286888.0058413,257,2,mouse,0.36049,0.34,389.18,138.75,480.00,48.403,7.500
1788286888.1371353,258,3,laptop,0.80001,7.68,0.00,640.00,478.38,48.182,7.500
1788286888.1376379,258,2,mouse,0.50301,0.91,391.98,140.18,480.00,48.182,7.500
1788286888.2694337,259,3,laptop,0.77437,43.76,0.00,640.00,479.02,48.455,7.500
1788286888.2699778,259,2,mouse,0.40850,1.52,390.42,141.13,480.00,48.455,7.500
1788286888.4051542,260,3,laptop,0.80510,0.71,0.00,640.00,477.77,48.440,7.500
1788286888.537391,261,3,laptop,0.78128,1.05,0.00,640.00,478.77,48.448,7.500
1788286888.5379388,261,2,mouse,0.40925,0.74,384.27,141.82,480.00,48.448,7.500
1788286888.6693008,262,3,laptop,0.76053,0.22,0.00,640.00,478.10,48.325,7.500
1788286888.6698508,262,2,mouse,0.47194,3.22,388.77,142.15,480.00,48.325,7.500
1788286888.805249,263,3,laptop,0.76424,42.68,0.00,640.00,478.58,48.446,7.500
1788286888.937404,264,3,laptop,0.74408,124.21,0.00,640.00,479.30,48.467,7.500
1788286888.9379354,264,2,mouse,0.41966,0.00,399.16,137.24,480.00,48.467,7.500
1788286889.068781,265,3,laptop,0.80344,4.53,0.00,640.00,478.18,48.204,7.500
1788286889.2051046,266,3,laptop,0.80408,6.58,0.00,640.00,478.33,48.426,7.500
1788286889.3370285,267,3,laptop,0.76391,48.32,0.00,639.11,479.26,48.481,7.500
1788286889.4691288,268,3,laptop,0.76809,1.34,0.00,640.00,478.07,48.480,7.500
1788286889.6055205,269,3,laptop,0.78970,0.00,0.00,640.00,478.00,48.401,7.500
1788286889.6060886,269,2,mouse,0.45699,0.12,392.51,135.97,480.00,48.401,7.500
1788286889.7379208,270,3,laptop,0.68857,257.99,0.00,637.78,476.21,48.427,7.500
1788286889.738414,270,2,mouse,0.45958,0.28,384.68,143.05,480.00,48.427,7.500
1788286889.8688803,271,3,laptop,0.42495,0.00,0.00,640.00,475.24,48.302,7.500
1788286890.0007946,272,,,,,,,,48.489,7.500
1788286890.1373072,273,2,mouse,0.73039,197.03,311.86,332.33,426.61,48.637,7.500
1788286890.2689123,274,2,mouse,0.70562,225.57,274.49,368.43,394.24,48.277,7.500
1788286890.4052255,275,2,mouse,0.92269,217.14,267.93,364.15,410.27,48.495,7.500
1788286890.5373049,276,2,mouse,0.90213,217.51,290.56,372.19,426.39,48.367,7.500
1788286890.5378182,276,2,mouse,0.70683,35.12,321.87,216.21,429.15,48.367,7.500
1788286890.6691742,277,2,mouse,0.95621,239.75,276.09,398.29,412.57,48.143,7.500
1788286890.6696825,277,2,mouse,0.81523,60.85,302.65,242.22,410.21,48.143,7.500
1788286890.805576,278,2,mouse,0.91503,253.94,268.94,419.30,403.33,48.487,7.500
1788286890.8061435,278,2,mouse,0.55526,74.66,293.24,261.51,400.94,48.487,7.500
1788286890.9379432,279,2,mouse,0.92528,257.66,259.01,425.67,398.17,48.552,7.500
1788286890.9384422,279,2,mouse,0.77534,115.14,288.42,265.06,395.72,48.552,7.500
1788286890.9389243,279,2,mouse,0.46927,0.34,126.30,117.47,464.87,48.552,7.500
1788286891.0695229,280,2,mouse,0.91450,259.82,252.44,427.28,392.34,48.219,7.500
1788286891.070068,280,2,mouse,0.89749,82.06,280.70,266.55,389.13,48.219,7.500
1788286891.0705292,280,2,mouse,0.51363,0.00,125.25,121.13,454.85,48.219,7.500
1788286891.2059042,281,2,mouse,0.92271,264.39,245.28,432.20,385.18,48.427,7.500
1788286891.2064013,281,2,mouse,0.84170,99.53,271.11,270.54,379.23,48.427,7.500
1788286891.2070425,281,2,mouse,0.36444,0.39,72.39,122.59,447.26,48.427,7.500
1788286891.3377187,282,2,mouse,0.94015,267.93,236.44,438.88,375.34,48.157,7.500
1788286891.3382344,282,2,mouse,0.70214,120.73,257.26,273.72,367.60,48.157,7.500
1788286891.338708,282,0,bottle,0.60744,0.00,72.11,124.78,433.94,48.157,7.500
1788286891.469403,283,2,mouse,0.92908,270.64,220.80,441.68,366.39,48.034,7.500
1788286891.4699476,283,2,mouse,0.85839,117.10,246.35,275.85,358.20,48.034,7.500
1788286891.4704146,283,2,mouse,0.76096,0.36,17.12,124.74,422.54,48.034,7.500
1788286891.6061065,284,2,mouse,0.91372,271.29,214.13,447.39,359.06,48.588,7.500
1788286891.6066222,284,2,mouse,0.88212,115.43,237.01,276.99,349.40,48.588,7.500
1788286891.6070864,284,2,mouse,0.62598,0.39,14.99,124.04,414.89,48.588,7.500
1788286891.737865,285,2,mouse,0.89225,106.58,231.91,276.25,346.12,48.513,7.500
1788286891.738352,285,2,mouse,0.86053,270.05,208.44,442.76,355.55,48.513,7.500
1788286891.738805,285,2,mouse,0.70496,0.00,50.24,122.63,409.62,48.513,7.500
1788286891.870056,286,2,mouse,0.88362,269.35,208.70,447.62,353.18,48.645,7.500
1788286891.8705506,286,2,mouse,0.88172,84.53,228.45,275.46,344.84,48.645,7.500
1788286891.8710237,286,2,mouse,0.49175,0.00,50.34,121.76,408.24,48.645,7.500
1788286892.0056736,287,2,mouse,0.92420,269.53,207.34,451.53,352.23,48.269,7.500
1788286892.0062716,287,2,mouse,0.86586,90.21,227.22,275.94,344.37,48.269,7.500
1788286892.006748,287,2,mouse,0.48332,0.00,54.35,120.34,407.93,48.269,7.500
1788286892.137751,288,2,mouse,0.94628,269.42,201.91,451.77,352.00,48.419,7.500
1788286892.1383095,288,2,mouse,0.84810,88.15,222.96,274.40,341.03,48.419,7.500
1788286892.1387827,288,2,mouse,0.70659,0.00,76.77,118.84,405.19,48.419,7.500
1788286892.2697103,289,2,mouse,0.94627,274.74,201.17,456.13,350.99,48.342,7.500
1788286892.270279,289,2,mouse,0.85774,85.82,223.32,279.17,338.16,48.342,7.500
1788286892.2707505,289,2,mouse,0.47834,0.00,62.99,133.01,403.70,48.342,7.500
1788286892.4057136,290,2,mouse,0.91892,282.13,178.81,463.45,330.84,48.507,7.500
1788286892.4062748,290,2,mouse,0.79707,126.08,204.50,289.68,319.37,48.507,7.500
1788286892.537503,291,2,mouse,0.85091,312.63,145.34,482.41,301.51,48.587,7.500
1788286892.538042,291,2,mouse,0.79753,0.00,344.15,460.64,480.00,48.587,7.500
1788286892.669307,292,2,mouse,0.89839,339.18,112.64,516.59,276.24,48.411,7.500
1788286892.6698503,292,2,mouse,0.74240,4.48,318.77,493.00,480.00,48.411,7.500
1788286892.806185,293,2,mouse,0.93592,371.64,77.15,560.21,246.47,48.598,7.500
1788286892.8066926,293,2,mouse,0.90751,178.70,98.67,373.44,223.84,48.598,7.500
1788286892.8071485,293,2,mouse,0.76203,0.59,297.13,510.62,480.00,48.598,7.500
1788286892.937582,294,2,mouse,0.94005,393.23,53.40,585.74,239.62,48.248,7.500
1788286892.9381154,294,2,mouse,0.92022,194.80,78.85,394.41,209.92,48.248,7.500
1788286892.938566,294,2,mouse,0.56422,0.00,290.34,595.28,480.00,48.248,7.500
1788286893.0698912,295,2,mouse,0.96354,382.66,49.46,575.82,243.79,48.129,7.500
1788286893.070395,295,2,mouse,0.90128,183.88,76.98,386.29,210.49,48.129,7.500
1788286893.0708683,295,2,mouse,0.59754,0.00,293.13,575.61,480.00,48.129,7.500
1788286893.07132,295,2,mouse,0.50709,0.77,0.00,153.07,250.62,48.129,7.500
1788286893.2069006,296,2,mouse,0.93366,369.76,53.75,561.55,250.79,48.358,7.500
1788286893.2074172,296,2,mouse,0.89852,182.12,80.00,373.58,219.45,48.358,7.500
1788286893.2078876,296,2,mouse,0.72192,0.98,300.95,530.15,480.00,48.358,7.500
1788286893.2083354,296,2,mouse,0.63911,0.43,0.00,133.88,151.01,48.358,7.500
1788286893.2087755,296,2,mouse,0.38268,69.02,100.33,220.52,271.71,48.358,7.500
1788286893.3375354,297,2,mouse,0.95839,356.71,70.33,542.17,262.60,48.124,7.500
1788286893.3380768,297,2,mouse,0.80445,166.23,91.88,357.04,233.43,48.124,7.500
1788286893.3385334,297,2,mouse,0.51289,0.00,311.13,536.79,480.00,48.124,7.500
1788286893.469883,298,2,mouse,0.93846,335.60,79.15,521.14,274.74,48.378,7.500
1788286893.470388,298,2,mouse,0.77833,153.45,108.95,339.31,247.35,48.378,7.500
1788286893.4708552,298,2,mouse,0.49121,0.62,324.44,625.07,480.00,48.378,7.500
1788286893.6063738,299,2,mouse,0.95245,333.84,84.45,519.58,281.88,48.376,7.500
1788286893.6068594,299,2,mouse,0.86340,141.52,113.08,336.74,251.75,48.376,7.500
1788286893.6073308,299,2,mouse,0.71995,1.66,330.54,495.02,480.00,48.376,7.500
1788286893.607799,299,2,mouse,0.61016,0.00,0.99,97.76,194.83,48.376,7.500
1788286893.7378027,300,2,mouse,0.84248,151.28,120.96,342.97,257.77,48.147,7.500
1788286893.738291,300,2,mouse,0.81904,335.75,73.95,521.93,285.73,48.147,7.500
1788286893.7387564,300,2,mouse,0.74198,1.68,334.65,491.91,480.00,48.147,7.500
1788286893.7391915,300,2,mouse,0.63749,0.00,1.35,95.17,214.55,48.147,7.500
1788286893.871576,301,2,mouse,0.94842,345.45,79.95,532.34,282.95,47.912,7.499
1788286893.872058,301,2,mouse,0.92340,150.45,109.95,352.19,252.89,47.912,7.499
1788286893.8725204,301,2,mouse,0.88960,0.00,13.55,104.33,213.63,47.912,7.499
1788286893.8729842,301,2,mouse,0.70596,3.44,331.77,505.65,480.00,47.912,7.499
1788286893.873446,301,2,mouse,0.38471,467.55,0.00,640.00,480.00,47.912,7.499
1788286893.8739276,301,2,mouse,0.38062,57.44,155.94,202.90,307.45,47.912,7.499
1788286894.005772,302,2,mouse,0.94824,342.80,83.98,531.36,286.16,48.141,7.500
1788286894.0063112,302,2,mouse,0.94237,143.96,109.83,350.35,254.55,48.141,7.500
1788286894.0067542,302,2,mouse,0.61895,2.82,334.71,487.41,480.00,48.141,7.500
1788286894.0072126,302,2,mouse,0.55412,0.20,2.39,97.67,223.07,48.141,7.500
1788286894.1378734,303,2,mouse,0.96102,339.87,83.82,530.98,284.89,48.110,7.500
1788286894.138358,303,2,mouse,0.93558,140.76,108.29,347.82,254.14,48.110,7.500
1788286894.138821,303,2,mouse,0.68618,0.18,2.37,92.35,217.16,48.110,7.500
1788286894.1392736,303,2,mouse,0.36428,2.36,334.86,491.34,480.00,48.110,7.500
1788286894.2700303,304,2,mouse,0.95770,339.64,81.25,530.22,284.81,48.390,7.499
1788286894.2705095,304,2,mouse,0.93264,142.13,107.72,346.55,253.29,48.390,7.499
1788286894.2710023,304,2,mouse,0.47843,0.39,3.06,89.94,220.89,48.390,7.499
1788286894.4061885,305,2,mouse,0.96001,343.79,81.63,534.68,286.88,48.296,7.499
1788286894.4066603,305,2,mouse,0.91487,142.05,107.89,349.00,254.34,48.296,7.499
1788286894.4071238,305,2,mouse,0.65049,0.18,1.55,91.82,221.58,48.296,7.499
1788286894.537498,306,2,mouse,0.93653,343.29,81.62,531.94,288.18,48.584,7.500
1788286894.5380087,306,2,mouse,0.90350,145.78,106.94,346.86,254.22,48.584,7.500
1788286894.6693418,307,2,mouse,0.95156,335.71,79.40,525.02,285.75,48.310,7.500
1788286894.6698775,307,2,mouse,0.58674,43.73,102.55,340.87,286.99,48.310,7.500
1788286894.8055434,308,2,mouse,0.96000,336.94,79.21,527.61,286.94,48.294,7.500
1788286894.8061218,308,2,mouse,0.75130,148.42,103.17,341.51,252.38,48.294,7.500
1788286894.9384801,309,2,mouse,0.93245,346.32,74.69,539.29,293.93,48.029,7.500
1788286894.938991,309,2,mouse,0.58323,159.45,105.00,352.68,256.82,48.029,7.500
1788286894.9394636,309,2,mouse,0.36069,0.00,1.14,91.27,237.55,48.029,7.500
1788286895.0693004,310,2,mouse,0.95762,337.06,87.86,530.45,297.49,48.248,7.500
1788286895.0698576,310,2,mouse,0.94585,140.08,113.68,344.29,264.54,48.248,7.500
1788286895.206302,311,2,mouse,0.94665,336.84,86.42,533.99,294.68,48.365,7.500
1788286895.206811,311,2,mouse,0.92537,141.31,112.61,344.68,261.84,48.365,7.500
1788286895.2072647,311,2,mouse,0.45319,40.75,158.00,195.18,318.41,48.365,7.500
1788286895.207707,311,2,mouse,0.38575,0.34,57.18,82.50,245.97,48.365,7.500
1788286895.3374503,312,2,mouse,0.96512,342.59,81.87,537.77,292.71,48.031,7.500
1788286895.337989,312,2,mouse,0.93848,143.90,109.39,348.84,258.71,48.031,7.500
1788286895.338442,312,2,mouse,0.61313,0.05,47.29,86.48,236.89,48.031,7.500
1788286895.469421,313,2,mouse,0.96595,346.66,81.48,543.54,294.01,48.189,7.500
1788286895.4699306,313,2,mouse,0.91129,143.89,108.48,354.01,259.16,48.189,7.500
1788286895.606186,314,2,mouse,0.96905,349.44,81.27,545.35,293.36,48.452,7.500
1788286895.6066744,314,2,mouse,0.93176,150.65,106.89,357.69,256.79,48.452,7.500
1788286895.6071289,314,2,mouse,0.66778,0.00,33.63,97.30,231.22,48.452,7.500
1788286895.7376752,315,2,mouse,0.95927,348.45,81.69,544.51,292.64,48.382,7.500
1788286895.7382271,315,2,mouse,0.92758,144.86,105.15,356.54,256.48,48.382,7.500
1788286895.7386992,315,2,mouse,0.61987,0.00,33.34,92.87,231.99,48.382,7.500
1788286895.8697608,316,2,mouse,0.96959,351.07,82.90,545.73,293.40,48.350,7.500
1788286895.8702967,316,2,mouse,0.94679,151.37,107.18,359.37,256.63,48.350,7.500
1788286895.8707674,316,2,mouse,0.72694,0.00,10.35,101.12,230.15,48.350,7.500
1788286896.0060472,317,2,mouse,0.93328,358.69,81.79,552.34,293.89,48.434,7.500
1788286896.0065634,317,2,mouse,0.90475,152.20,105.55,362.17,255.26,48.434,7.500
1788286896.0070255,317,2,mouse,0.62379,0.00,2.75,112.15,231.19,48.434,7.500
1788286896.1382627,318,2,mouse,0.93337,367.73,78.59,557.86,295.88,48.537,7.500
1788286896.1387556,318,2,mouse,0.87352,169.15,102.70,371.48,255.27,48.537,7.500
1788286896.1392033,318,2,mouse,0.78991,0.32,2.95,118.78,229.34,48.537,7.500
1788286896.1396463,318,2,mouse,0.71481,3.58,336.69,514.31,480.00,48.537,7.500
1788286896.2695072,319,2,mouse,0.93882,375.24,110.38,562.00,325.98,48.102,7.500
1788286896.2700562,319,2,mouse,0.82448,172.33,130.07,369.86,281.50,48.102,7.500
1788286896.270516,319,2,mouse,0.71035,0.18,1.20,145.61,247.61,48.102,7.500
1788286896.4065666,320,2,mouse,0.62071,3.33,382.39,639.29,478.67,48.053,7.499
1788286896.407083,320,2,mouse,0.57856,243.08,139.77,418.05,298.60,48.053,7.499
1788286896.4075303,320,2,mouse,0.44350,435.24,121.00,640.00,352.00,48.053,7.499
1788286896.5376303,321,2,mouse,0.75262,491.30,1.22,639.76,406.41,48.192,7.500
1788286896.538197,321,2,mouse,0.53123,9.28,4.81,278.85,300.26,48.192,7.500
1788286896.5386536,321,2,mouse,0.43832,278.92,166.58,482.33,333.85,48.192,7.500
1788286896.669253,322,2,mouse,0.75950,343.25,219.99,517.72,382.16,48.317,7.500
1788286896.66976,322,2,mouse,0.51865,515.58,220.81,640.00,469.82,48.317,7.500
1788286896.805213,323,2,mouse,0.86894,350.62,225.26,538.88,398.05,48.322,7.500
1788286896.8057096,323,2,mouse,0.83338,542.65,240.72,640.00,475.40,48.322,7.500
1788286896.9380484,324,2,mouse,0.74663,379.47,241.22,552.61,414.34,47.986,7.500
1788286896.9385517,324,2,mouse,0.58144,562.51,211.95,640.00,476.33,47.986,7.500
1788286897.069057,325,2,mouse,0.75479,397.28,271.02,560.41,439.50,48.118,7.500
1788286897.0695448,325,2,mouse,0.50843,563.67,258.25,640.00,480.00,48.118,7.500
1788286897.2055314,326,2,mouse,0.74061,388.75,293.96,551.52,460.47,48.437,7.500
1788286897.2061098,326,2,mouse,0.55559,559.89,258.31,640.00,480.00,48.437,7.500
1788286897.3372345,327,2,mouse,0.86269,537.30,331.61,640.00,480.00,48.316,7.500
1788286897.3377285,327,2,mouse,0.58441,369.70,305.43,535.86,472.07,48.316,7.500
1788286897.4694655,328,2,mouse,0.79895,365.15,305.68,532.11,479.42,48.469,7.500
1788286897.4699814,328,2,mouse,0.76514,532.66,333.80,640.00,480.00,48.469,7.500
1788286897.606406,329,2,mouse,0.55617,366.00,323.11,532.78,480.00,48.500,7.500
1788286897.6069152,329,0,bottle,0.52757,218.69,165.14,386.30,478.05,48.500,7.500
1788286897.6073546,329,2,mouse,0.49902,532.13,342.88,640.00,480.00,48.500,7.500
1788286897.6078267,329,0,bottle,0.35116,46.34,113.19,245.25,454.15,48.500,7.500
1788286897.7367346,330,2,mouse,0.64798,375.81,333.76,534.35,480.00,48.168,7.500
1788286897.8734663,331,2,mouse,0.74470,379.61,341.00,535.64,480.00,48.361,7.493
1788286897.8740451,331,0,bottle,0.37686,36.18,141.51,239.95,474.42,48.361,7.493
1788286898.004716,332,0,bottle,0.35299,193.50,178.40,371.27,480.00,48.253,7.500
1788286898.136881,333,0,bottle,0.62162,189.77,158.70,377.17,477.63,48.226,7.500
1788286898.2731423,334,0,bottle,0.42595,181.00,132.97,380.53,478.56,48.276,7.493
1788286898.4070582,335,0,bottle,0.83720,0.33,91.59,214.72,479.48,48.103,7.500
1788286898.4075482,335,0,bottle,0.75289,195.29,110.12,381.75,480.00,48.103,7.500
1788286898.408001,335,2,mouse,0.49330,542.90,353.81,640.00,479.82,48.103,7.500
1788286898.5374823,336,0,bottle,0.91766,1.55,89.91,216.16,479.74,47.995,7.500
1788286898.5380435,336,0,bottle,0.79866,193.48,105.81,381.11,480.00,47.995,7.500
1788286898.5384872,336,2,mouse,0.55039,542.85,356.32,640.00,479.84,47.995,7.500
1788286898.6736364,337,0,bottle,0.89650,5.38,96.54,220.14,480.00,48.325,7.493
1788286898.67418,337,0,bottle,0.75388,199.23,115.70,382.89,480.00,48.325,7.493
1788286898.6746402,337,2,mouse,0.55288,541.76,367.28,640.00,479.61,48.325,7.493
1788286898.8057218,338,0,bottle,0.88052,5.30,100.76,218.86,478.82,48.232,7.500
1788286898.8062794,338,0,bottle,0.65502,196.93,123.77,382.60,478.68,48.232,7.500
1788286898.8067458,338,2,mouse,0.58903,540.80,366.73,640.00,479.96,48.232,7.500
1788286898.9376853,339,0,bottle,0.84555,5.41,96.94,212.93,478.74,48.262,7.500
1788286898.9382155,339,2,mouse,0.82878,535.03,375.70,640.00,479.93,48.262,7.500
1788286898.9386785,339,0,bottle,0.69328,197.35,118.63,378.86,480.00,48.262,7.500
1788286899.0736918,340,0,bottle,0.87490,5.08,98.59,211.95,478.67,48.283,7.493
1788286899.0742323,340,2,mouse,0.79791,534.37,372.43,640.00,480.00,48.283,7.493
1788286899.074691,340,0,bottle,0.63963,193.50,119.06,375.96,479.98,48.283,7.493
1788286899.205544,341,0,bottle,0.87425,3.10,98.78,208.10,478.95,48.150,7.500
1788286899.2060962,341,2,mouse,0.79172,531.28,376.62,640.00,480.00,48.150,7.500
1788286899.2065454,341,0,bottle,0.68339,191.17,118.54,373.31,479.64,48.150,7.500
1788286899.3375707,342,0,bottle,0.84646,0.90,96.85,206.42,480.00,48.156,7.500
1788286899.3381047,342,2,mouse,0.75226,529.81,372.20,640.00,480.00,48.156,7.500
1788286899.338564,342,0,bottle,0.75103,192.81,116.31,374.41,480.00,48.156,7.500
1788286899.4739172,343,0,bottle,0.84292,1.78,95.46,209.51,479.06,48.361,7.493
1788286899.4744287,343,2,mouse,0.77909,534.96,371.57,640.00,479.98,48.361,7.493
1788286899.4749136,343,0,bottle,0.71579,197.23,114.42,379.37,480.00,48.361,7.493
1788286899.605574,344,0,bottle,0.91095,5.31,94.22,215.19,480.00,48.011,7.500
1788286899.606085,344,2,mouse,0.76765,536.31,369.89,640.00,480.00,48.011,7.500
1788286899.606541,344,0,bottle,0.70797,201.76,118.08,381.79,480.00,48.011,7.500
1788286899.7375317,345,0,bottle,0.85490,9.18,94.56,219.36,480.00,48.067,7.500
1788286899.7380705,345,0,bottle,0.60446,203.93,109.97,390.25,476.90,48.067,7.500
1788286899.7385213,345,2,mouse,0.55387,542.76,367.70,640.00,479.72,48.067,7.500
1788286899.86861,346,,,,,,,,48.248,7.493
1788286900.0062847,347,0,bottle,0.71538,225.42,126.23,408.76,478.97,48.370,7.500
1788286900.0067947,347,0,bottle,0.62073,0.06,108.18,202.73,480.00,48.370,7.500
1788286900.137381,348,0,bottle,0.93445,9.14,138.73,209.93,478.80,48.238,7.500
1788286900.1379032,348,0,bottle,0.85825,232.74,155.43,412.86,409.37,48.238,7.500
1788286900.273171,349,0,bottle,0.63912,247.97,153.39,439.47,445.06,48.609,7.493
1788286900.4009347,350,,,,,,,,48.496,7.501
1788286900.532741,351,,,,,,,,48.120,7.500
1788286900.6744642,352,0,bottle,0.91327,75.87,167.40,255.03,480.00,48.327,7.492
1788286900.674967,352,0,bottle,0.85519,298.66,194.82,478.25,479.62,48.327,7.492
1788286900.8047192,353,0,bottle,0.66713,76.30,187.15,256.42,480.00,47.951,7.500
1788286900.9324744,354,,,,,,,,48.025,7.500
1788286901.0738683,355,0,bottle,0.74522,49.41,210.03,224.37,479.64,48.632,7.493
1788286901.0743988,355,0,bottle,0.62339,271.50,220.37,423.74,480.00,48.632,7.493
1788286901.2050033,356,0,bottle,0.89177,48.69,221.26,224.67,478.57,48.037,7.500
1788286901.2055056,356,0,bottle,0.77445,270.54,224.15,417.62,480.00,48.037,7.500
1788286901.337239,357,0,bottle,0.44795,270.20,219.73,423.04,439.91,48.180,7.500
1788286901.337741,357,0,bottle,0.35773,45.74,216.28,225.52,479.55,48.180,7.500
1788286901.474391,358,0,bottle,0.89087,59.02,216.30,222.52,479.62,48.214,7.493
1788286901.4749084,358,0,bottle,0.82247,274.92,222.63,423.66,479.70,48.214,7.493
1788286901.6054826,359,0,bottle,0.72965,49.94,219.55,228.45,480.00,48.359,7.500
1788286901.6060138,359,0,bottle,0.68606,266.63,225.58,420.77,480.00,48.359,7.500
1788286901.7374141,360,0,bottle,0.88823,45.54,219.90,216.66,478.65,48.297,7.500
1788286901.737946,360,0,bottle,0.81719,269.38,224.84,414.12,480.00,48.297,7.500
1788286901.871854,361,0,bottle,0.58500,52.36,202.27,233.07,479.82,47.148,7.500
1788286902.005225,362,0,bottle,0.69182,64.86,176.92,238.88,480.00,48.170,7.500
1788286902.0057251,362,0,bottle,0.63973,293.41,202.08,444.89,480.00,48.170,7.500
1788286902.1373193,363,0,bottle,0.84964,79.75,166.61,249.64,478.21,48.167,7.500
1788286902.1378598,363,0,bottle,0.76792,297.86,182.39,447.95,478.95,48.167,7.500
1788286902.273282,364,0,bottle,0.81468,80.60,160.05,245.64,478.45,48.286,7.500
1788286902.273765,364,0,bottle,0.78826,297.41,165.44,445.63,478.62,48.286,7.500
1788286902.404318,365,0,bottle,0.84372,80.91,164.60,246.89,478.26,47.955,7.501
1788286902.40482,365,0,bottle,0.53236,291.46,171.70,442.78,480.00,47.955,7.501
1788286902.5370584,366,0,bottle,0.78609,74.20,162.18,236.76,479.68,48.072,7.500
1788286902.5375419,366,0,bottle,0.68457,288.76,170.01,439.56,479.10,48.072,7.500
1788286902.6730242,367,0,bottle,0.65544,72.84,158.65,236.52,478.30,48.320,7.500
1788286902.8052201,368,0,bottle,0.82831,69.41,161.80,232.98,478.07,47.950,7.500
1788286902.8057146,368,0,bottle,0.52990,283.34,163.86,427.95,478.37,47.950,7.500
1788286902.937065,369,0,bottle,0.85731,64.32,167.59,232.22,478.12,47.997,7.500
1788286902.9375522,369,0,bottle,0.53478,278.75,167.78,424.79,478.64,47.997,7.500
1788286903.0738888,370,0,bottle,0.73221,274.29,165.22,422.80,478.78,48.565,7.500
1788286903.0743942,370,0,bottle,0.65876,57.55,162.36,229.45,478.33,48.565,7.500
1788286903.20548,371,0,bottle,0.81442,274.06,165.29,421.74,478.61,48.090,7.500
1788286903.2060103,371,0,bottle,0.80069,60.04,163.14,228.89,477.74,48.090,7.500
1788286903.3372498,372,0,bottle,0.76688,56.27,162.92,228.82,477.63,48.137,7.500
1788286903.3377252,372,0,bottle,0.76236,272.25,167.08,418.08,478.85,48.137,7.500
1788286903.4734485,373,0,bottle,0.77030,271.04,165.63,416.77,478.50,48.041,7.500
1788286903.4740222,373,0,bottle,0.53348,57.88,162.98,228.20,477.71,48.041,7.500
1788286903.605665,374,0,bottle,0.83957,55.94,163.59,227.09,477.70,48.404,7.500
1788286903.60619,374,0,bottle,0.69621,270.19,166.36,415.37,478.65,48.404,7.500
1788286903.737461,375,0,bottle,0.87674,49.12,157.86,224.31,480.00,48.149,7.500
1788286903.7380168,375,0,bottle,0.73729,268.36,163.37,413.54,478.50,48.149,7.500
1788286903.8738186,376,0,bottle,0.82703,47.13,159.78,223.44,478.16,48.345,7.499
1788286903.8743362,376,0,bottle,0.58536,267.45,162.31,410.74,479.04,48.345,7.499
1788286904.0055952,377,0,bottle,0.86934,47.43,158.40,218.67,480.00,48.178,7.500
1788286904.0061328,377,0,bottle,0.58625,268.75,161.64,411.10,478.95,48.178,7.500
1788286904.1375372,378,0,bottle,0.91744,47.96,160.42,216.21,477.99,48.441,7.500
1788286904.138071,378,0,bottle,0.69221,265.90,161.70,410.28,479.95,48.441,7.500
1788286904.273766,379,0,bottle,0.89330,46.92,160.74,211.58,478.08,48.226,7.499
1788286904.2743363,379,0,bottle,0.74193,263.59,161.22,409.63,479.85,48.226,7.499
1788286904.4054089,380,0,bottle,0.91476,47.45,161.38,215.25,478.04,48.393,7.500
1788286904.4059613,380,0,bottle,0.67039,263.03,161.56,409.23,480.00,48.393,7.500
1788286904.5374718,381,0,bottle,0.87483,46.45,160.24,215.06,478.38,48.493,7.500
1788286904.5380034,381,0,bottle,0.71415,266.07,160.70,409.64,479.71,48.493,7.500
1788286904.67359,382,0,bottle,0.83147,47.54,160.22,212.40,478.03,48.399,7.501
1788286904.6741624,382,0,bottle,0.61844,263.01,161.11,408.36,480.00,48.399,7.501
1788286904.8050287,383,0,bottle,0.85294,45.90,160.43,208.20,478.09,48.536,7.501
1788286904.93745,384,0,bottle,0.89834,45.00,159.51,205.60,478.48,48.521,7.500
1788286904.938036,384,0,bottle,0.70043,259.83,160.89,405.62,478.77,48.521,7.500
1788286905.074072,385,0,bottle,0.82076,35.92,2.10,213.59,480.00,48.445,7.500
1788286905.0745883,385,0,bottle,0.40688,258.16,137.52,406.74,480.00,48.445,7.500
1788286905.075047,385,0,bottle,0.38396,583.31,0.48,640.00,367.69,48.445,7.500
1788286905.2008398,386,,,,,,,,48.470,7.500
1788286905.337448,387,2,mouse,0.81940,0.00,0.00,639.89,477.80,48.938,7.501
1788286905.4687796,388,,,,,,,,48.119,7.500
1788286905.6051579,389,2,mouse,0.35879,0.00,0.00,640.00,480.00,47.969,7.500
1788286905.737181,390,2,mouse,0.75766,0.00,0.00,640.00,473.58,48.508,7.500
1788286905.8730783,391,2,mouse,0.79458,0.00,0.00,640.00,477.97,48.335,7.500
1788286906.0053604,392,2,mouse,0.77184,0.00,0.00,638.39,479.59,48.081,7.500
1788286906.0059073,392,2,mouse,0.42891,1.72,0.00,639.64,142.96,48.081,7.500
1788286906.1370084,393,2,mouse,0.52929,0.00,0.00,640.00,479.57,48.330,7.500
1788286906.2732139,394,2,mouse,0.45082,4.09,0.00,427.29,478.60,48.464,7.500
1788286906.4051657,395,2,mouse,0.40695,460.22,0.00,639.62,192.98,48.479,7.499
1788286906.532887,396,,,,,,,,48.349,7.500
1788286906.673994,397,2,mouse,0.39308,12.41,0.00,430.86,478.47,48.483,7.500
1788286906.8058653,398,2,mouse,0.52888,0.00,0.00,640.00,480.00,48.169,7.500
1788286906.8063858,398,2,mouse,0.36092,532.79,241.88,640.00,476.40,48.169,7.500
1788286906.9369047,399,2,mouse,0.44610,554.70,141.34,640.00,381.86,48.394,7.500
1788286907.073053,400,2,mouse,0.45532,557.64,95.32,640.00,445.65,48.369,7.500
1788286907.2055402,401,2,mouse,0.45669,3.90,0.00,509.07,472.96,48.170,7.500
1788286907.2061174,401,2,mouse,0.38546,536.38,88.60,640.00,371.41,48.170,7.500
1788286907.337639,402,2,mouse,0.46438,498.40,96.43,640.00,398.09,48.540,7.500
1788286907.3382163,402,2,mouse,0.42614,0.00,0.00,638.62,450.14,48.540,7.500
1788286907.4729054,403,2,mouse,0.45320,7.91,82.14,639.78,480.00,48.295,7.500
1788286907.600885,404,,,,,,,,48.443,7.500
1788286907.737934,405,2,mouse,0.68156,0.00,0.55,638.48,476.03,48.763,7.500
1788286907.8693461,406,,,,,,,,48.567,7.500
1788286908.0060797,407,2,mouse,0.70759,0.00,0.00,640.00,474.70,48.790,7.500
1788286908.1379256,408,2,mouse,0.56086,0.00,0.00,640.00,476.35,48.500,7.500
1788286908.2736974,409,2,mouse,0.55842,0.00,0.00,640.00,475.00,48.415,7.500
1788286908.405664,410,2,mouse,0.65643,0.00,0.00,640.00,477.73,48.349,7.500
1788286908.5378745,411,2,mouse,0.61286,0.00,0.00,640.00,472.69,48.498,7.500
